-- https://ddowiki.com/page/Augment_Slot#Augment_Slot
-- Augment Types
insert into augment_type(name) values('Colorless');
insert into augment_type_alias(alias, augment_type) values('Colorless Augment Slot: Empty', 'Colorless');
insert into augment_type_alias(alias, augment_type) values('Colorless Augment Slot:', 'Colorless');
insert into augment_type_alias(alias, augment_type) values('Colorless Augment Slot', 'Colorless');
insert into augment_type(name) values('Blue');
insert into augment_type_equivalent(base, usable) values('Blue', 'Colorless');
insert into augment_type_alias(alias, augment_type) values('Blue Augment Slot: Empty', 'Blue');
insert into augment_type_alias(alias, augment_type) values('Blue Augment Slot:', 'Blue');
insert into augment_type_alias(alias, augment_type) values('Blue Augment Slot', 'Blue');
insert into augment_type(name) values('Yellow');
insert into augment_type_equivalent(base, usable) values('Yellow', 'Colorless');
insert into augment_type_alias(alias, augment_type) values('Yellow Augment Slot: Empty', 'Yellow');
insert into augment_type_alias(alias, augment_type) values('Yellow Augment Slot:', 'Yellow');
insert into augment_type_alias(alias, augment_type) values('Yellow Augment Slot', 'Yellow');
insert into augment_type(name) values('Red');
insert into augment_type_equivalent(base, usable) values('Red', 'Colorless');
insert into augment_type_alias(alias, augment_type) values('Red Augment Slot: Empty', 'Red');
insert into augment_type_alias(alias, augment_type) values('Red Augment Slot:', 'Red');
insert into augment_type_alias(alias, augment_type) values('Red Augment Slot', 'Red');
insert into augment_type(name) values('Green');
insert into augment_type_equivalent(base, usable) values('Green', 'Colorless');
insert into augment_type_equivalent(base, usable) values('Green', 'Blue');
insert into augment_type_equivalent(base, usable) values('Green', 'Yellow');
insert into augment_type_alias(alias, augment_type) values('Green Augment Slot: Empty', 'Green');
insert into augment_type_alias(alias, augment_type) values('Green Augment Slot:', 'Green');
insert into augment_type_alias(alias, augment_type) values('Green Augment Slot', 'Green');
insert into augment_type(name) values('Purple');
insert into augment_type_equivalent(base, usable) values('Purple', 'Colorless');
insert into augment_type_equivalent(base, usable) values('Purple', 'Blue');
insert into augment_type_equivalent(base, usable) values('Purple', 'Red');
insert into augment_type_alias(alias, augment_type) values('Purple Augment Slot: Empty', 'Purple');
insert into augment_type_alias(alias, augment_type) values('Purple Augment Slot:', 'Purple');
insert into augment_type_alias(alias, augment_type) values('Purple Augment Slot', 'Purple');
insert into augment_type(name) values('Orange');
insert into augment_type_equivalent(base, usable) values('Orange', 'Colorless');
insert into augment_type_equivalent(base, usable) values('Orange', 'Yellow');
insert into augment_type_equivalent(base, usable) values('Orange', 'Red');
insert into augment_type_alias(alias, augment_type) values('Orange Augment Slot: Empty', 'Orange');
insert into augment_type_alias(alias, augment_type) values('Orange Augment Slot:', 'Orange');
insert into augment_type_alias(alias, augment_type) values('Orange Augment Slot', 'Orange');
-- Colorless
-- stat +14 ml 32
insert into augment(name, augment_type, ml) values('Diamond of Strength +14', 'Colorless', 32);
insert into augment_effect(id, augment_name, effect, effect_type, effect_value) values(augment_effect_sequence.nextval, 'Diamond of Strength +14', 'Strength', 'Enhancement', 14);
insert into augment(name, augment_type, ml) values('Diamond of Dexterity +14', 'Colorless', 32);
insert into augment_effect(id, augment_name, effect, effect_type, effect_value) values(augment_effect_sequence.nextval, 'Diamond of Dexterity +14', 'Dexterity', 'Enhancement', 14);
insert into augment(name, augment_type, ml) values('Diamond of Constitution +14', 'Colorless', 32);
insert into augment_effect(id, augment_name, effect, effect_type, effect_value) values(augment_effect_sequence.nextval, 'Diamond of Constitution +14', 'Constitution', 'Enhancement', 14);
insert into augment(name, augment_type, ml) values('Diamond of Intelligence +14', 'Colorless', 32);
insert into augment_effect(id, augment_name, effect, effect_type, effect_value) values(augment_effect_sequence.nextval, 'Diamond of Intelligence +14', 'Intelligence', 'Enhancement', 14);
insert into augment(name, augment_type, ml) values('Diamond of Wisdom +14', 'Colorless', 32);
insert into augment_effect(id, augment_name, effect, effect_type, effect_value) values(augment_effect_sequence.nextval, 'Diamond of Wisdom +14', 'Wisdom', 'Enhancement', 14);
insert into augment(name, augment_type, ml) values('Diamond of Charisma +14', 'Colorless', 32);
insert into augment_effect(id, augment_name, effect, effect_type, effect_value) values(augment_effect_sequence.nextval, 'Diamond of Charisma +14', 'Charisma', 'Enhancement', 14);
-- ins stats +5 ml 24
insert into augment(name, augment_type, ml) values('Diamond of Insightful Strength +5', 'Colorless', 32);
insert into augment_effect(id, augment_name, effect, effect_type, effect_value) values(augment_effect_sequence.nextval, 'Diamond of Insightful Strength +5', 'Strength', 'Insightful', 5);
insert into augment(name, augment_type, ml) values('Diamond of Insightful Dexterity +5', 'Colorless', 32);
insert into augment_effect(id, augment_name, effect, effect_type, effect_value) values(augment_effect_sequence.nextval, 'Diamond of Insightful Dexterity +5', 'Dexterity', 'Insightful', 5);
insert into augment(name, augment_type, ml) values('Diamond of Insightful Constitution +5', 'Colorless', 32);
insert into augment_effect(id, augment_name, effect, effect_type, effect_value) values(augment_effect_sequence.nextval, 'Diamond of Insightful Constitution +5', 'Constitution', 'Insightful', 5);
insert into augment(name, augment_type, ml) values('Diamond of Insightful Intelligence +5', 'Colorless', 32);
insert into augment_effect(id, augment_name, effect, effect_type, effect_value) values(augment_effect_sequence.nextval, 'Diamond of Insightful Intelligence +5', 'Intelligence', 'Insightful', 5);
insert into augment(name, augment_type, ml) values('Diamond of Insightful Wisdom +5', 'Colorless', 32);
insert into augment_effect(id, augment_name, effect, effect_type, effect_value) values(augment_effect_sequence.nextval, 'Diamond of Insightful Wisdom +5', 'Wisdom', 'Insightful', 5);
insert into augment(name, augment_type, ml) values('Diamond of Insightful Charisma +5', 'Colorless', 32);
insert into augment_effect(id, augment_name, effect, effect_type, effect_value) values(augment_effect_sequence.nextval, 'Diamond of Insightful Charisma +5', 'Charisma', 'Insightful', 5);
-- Blue
insert into augment(name, augment_type, ml) values('Sapphire of Natural Armor +14', 'Blue', 32);
insert into augment_effect(id, augment_name, effect, effect_type, effect_value) values(augment_effect_sequence.nextval, 'Sapphire of Natural Armor +14', 'Armor Bonus', 'Natural', 14);
insert into augment(name, augment_type, ml) values('Sapphire of Protection +11', 'Blue', 32);
insert into augment_effect(id, augment_name, effect, effect_type, effect_value) values(augment_effect_sequence.nextval, 'Sapphire of Protection +11', 'Armor Bonus', 'Deflection', 11);
insert into augment(name, augment_type, ml) values('Sapphire of Resistance +11', 'Blue', 32);
insert into augment_effect(id, augment_name, effect, effect_type, effect_value) values(augment_effect_sequence.nextval, 'Sapphire of Resistance +11', 'Resistance', 'Enhancement', 11);
insert into augment(name, augment_type, ml) values('Sapphire of Sheltering 36', 'Blue', 32);
insert into augment_effect(id, augment_name, effect, effect_type, effect_value) values(augment_effect_sequence.nextval, 'Sapphire of Sheltering 36', 'Physical Sheltering', 'Enhancement', 36);
insert into augment_effect(id, augment_name, effect, effect_type, effect_value) values(augment_effect_sequence.nextval, 'Sapphire of Sheltering 36', 'Magical Sheltering', 'Enhancement', 36);
insert into augment(name, augment_type, ml) values('Sapphire of Heavy Fortification', 'Blue', 8);
insert into augment_effect(id, augment_name, effect, effect_type, effect_value) values(augment_effect_sequence.nextval, 'Sapphire of Heavy Fortification', 'Fortification', 'Enhancement', 100);
insert into augment(name, augment_type, ml) values('Sapphire of False Life +54', 'Blue', 32);
insert into augment_effect(id, augment_name, effect, effect_type, effect_value) values(augment_effect_sequence.nextval, 'Sapphire of False Life +54', 'Hit Points', 'Enhancement', 54);
insert into augment(name, augment_type, ml) values('Sapphire of Dodge +14', 'Blue', 32);
insert into augment_effect(id, augment_name, effect, effect_type, effect_value) values(augment_effect_sequence.nextval, 'Sapphire of Dodge +14', 'Dodge', 'Enhancement', 14);
insert into augment(name, augment_type, ml) values('Sapphire of Stunning +16', 'Blue', 32);
insert into augment_effect(id, augment_name, effect, effect_type, effect_value) values(augment_effect_sequence.nextval, 'Sapphire of Stunning +16', 'Stunning', 'Enhancement', 16);
insert into augment(name, augment_type, ml) values('Sapphire of Sunder +16', 'Blue', 32);
insert into augment_effect(id, augment_name, effect, effect_type, effect_value) values(augment_effect_sequence.nextval, 'Sapphire of Sunder +16', 'Sunder', 'Enhancement', 16);
insert into augment(name, augment_type, ml) values('Sapphire of Trip +16', 'Blue', 32);
insert into augment_effect(id, augment_name, effect, effect_type, effect_value) values(augment_effect_sequence.nextval, 'Sapphire of Trip +16', 'Vertigo', 'Enhancement', 16);
insert into augment(name, augment_type, ml) values('Sapphire of Accuracy +22', 'Blue', 32);
insert into augment_effect(id, augment_name, effect, effect_type, effect_value) values(augment_effect_sequence.nextval, 'Sapphire of Accuracy +22', 'Accuracy', 'Competence', 22);
insert into augment(name, augment_type, ml) values('Sapphire of Healing Amplification +57', 'Blue', 32);
insert into augment_effect(id, augment_name, effect, effect_type, effect_value) values(augment_effect_sequence.nextval, 'Sapphire of Healing Amplification +57', 'Healing Amplification', 'Competence', 57);
insert into augment(name, augment_type, ml) values('Sapphire of Repair Amplification +57', 'Blue', 32);
insert into augment_effect(id, augment_name, effect, effect_type, effect_value) values(augment_effect_sequence.nextval, 'Sapphire of Repair Amplification +57', 'Repair Amplification', 'Enhancement', 57);
insert into augment(name, augment_type, ml) values('Sapphire of Negative Amplification +57', 'Blue', 32);
insert into augment_effect(id, augment_name, effect, effect_type, effect_value) values(augment_effect_sequence.nextval, 'Sapphire of Negative Amplification +57', 'Negative Amplification', 'Profane', 57);
-- Yellow
insert into augment(name, augment_type, ml) values('Topaz of Fire Resistance', 'Yellow', 32);
insert into augment_effect(id, augment_name, effect, effect_type, effect_value) values(augment_effect_sequence.nextval, 'Topaz of Fire Resistance', 'Fire Resistance', 'Enhancement', 45);
insert into augment(name, augment_type, ml) values('Topaz of Cold Resistance', 'Yellow', 32);
insert into augment_effect(id, augment_name, effect, effect_type, effect_value) values(augment_effect_sequence.nextval, 'Topaz of Cold Resistance', 'Cold Resistance', 'Enhancement', 45);
insert into augment(name, augment_type, ml) values('Topaz of Acid Resistance', 'Yellow', 32);
insert into augment_effect(id, augment_name, effect, effect_type, effect_value) values(augment_effect_sequence.nextval, 'Topaz of Acid Resistance', 'Acid Resistance', 'Enhancement', 45);
insert into augment(name, augment_type, ml) values('Topaz of Electric Resistance', 'Yellow', 32);
insert into augment_effect(id, augment_name, effect, effect_type, effect_value) values(augment_effect_sequence.nextval, 'Topaz of Electric Resistance', 'Electric Resistance', 'Enhancement', 45);
insert into augment(name, augment_type, ml) values('Topaz of Sonic Resistance', 'Yellow', 32);
insert into augment_effect(id, augment_name, effect, effect_type, effect_value) values(augment_effect_sequence.nextval, 'Topaz of Sonic Resistance', 'Sonic Resistance', 'Enhancement', 45);
insert into augment(name, augment_type, ml) values('Topaz of Spell Points +294', 'Yellow', 32);
insert into augment_effect(id, augment_name, effect, effect_type, effect_value) values(augment_effect_sequence.nextval, 'Topaz of Spell Points +294', 'Wizardry', 'Enhancement', 294);
insert into augment(name, augment_type, ml) values('Topaz of Striding 30', 'Yellow', 8);
insert into augment_effect(id, augment_name, effect, effect_type, effect_value) values(augment_effect_sequence.nextval, 'Topaz of Striding 30', 'Striding', 'Enhancement', 30);
insert into augment(name, augment_type, ml) values('Topaz of Swiftness 15', 'Yellow', 8);
insert into augment_effect(id, augment_name, effect, effect_type, effect_value) values(augment_effect_sequence.nextval, 'Topaz of Swiftness 15', 'Striding', 'Enhancement', 30);
insert into augment_effect(id, augment_name, effect, effect_type, effect_value) values(augment_effect_sequence.nextval, 'Topaz of Swiftness 15', 'Melee Alacrity', 'Enhancement', 15);
insert into augment(name, augment_type, ml) values('Topaz of Spell Penetration +9', 'Yellow', 32);
insert into augment_effect(id, augment_name, effect, effect_type, effect_value) values(augment_effect_sequence.nextval, 'Topaz of Spell Penetration +9', 'Spell Penetration', 'Equipment', 9);
insert into augment(name, augment_type, ml) values('Topaz of Deadly +11', 'Yellow', 32);
insert into augment_effect(id, augment_name, effect, effect_type, effect_value) values(augment_effect_sequence.nextval, 'Topaz of Deadly +11', 'Deadly', 'Competence', 11);
insert into augment(name, augment_type, ml) values('Topaz of Melee Power +12', 'Yellow', 32);
insert into augment_effect(id, augment_name, effect, effect_type, effect_value) values(augment_effect_sequence.nextval, 'Topaz of Melee Power +12', 'Melee Power', 'Enhancement', 12);
insert into augment(name, augment_type, ml) values('Topaz of Ranged Power +12', 'Yellow', 32);
insert into augment_effect(id, augment_name, effect, effect_type, effect_value) values(augment_effect_sequence.nextval, 'Topaz of Ranged Power +12', 'Ranged Power', 'Enhancement', 12);
insert into augment(name, augment_type, ml) values('Topaz of Underwater Action', 'Yellow', 4);
insert into augment_effect(id, augment_name, effect, effect_type, effect_value) values(augment_effect_sequence.nextval, 'Topaz of Underwater Action', 'Underwater Action', NULL, NULL);
insert into augment(name, augment_type, ml) values('Topaz of Feather Falling', 'Yellow', 4);
insert into augment_effect(id, augment_name, effect, effect_type, effect_value) values(augment_effect_sequence.nextval, 'Topaz of Feather Falling', 'Feather Falling', NULL, NULL);
insert into augment(name, augment_type, ml) values('Topaz of Blindness Immunity', 'Yellow', 8);
insert into augment_effect(id, augment_name, effect, effect_type, effect_value) values(augment_effect_sequence.nextval, 'Topaz of Blindness Immunity', 'Blindness Immunity', NULL, NULL);
insert into augment(name, augment_type, ml) values('Topaz of Fear Immunity', 'Yellow', 8);
insert into augment_effect(id, augment_name, effect, effect_type, effect_value) values(augment_effect_sequence.nextval, 'Topaz of Fear Immunity', 'Fear Immunity', NULL, NULL);
insert into augment(name, augment_type, ml) values('Topaz of Deathblock', 'Yellow', 12);
insert into augment_effect(id, augment_name, effect, effect_type, effect_value) values(augment_effect_sequence.nextval, 'Topaz of Deathblock', 'Deathblock', NULL, NULL);


--insert into augment(name, augment_type, ml) values('Topaz of ', 'Yellow', 32);
--insert into augment_effect(id, augment_name, effect, effect_type, effect_value) values(augment_effect_sequence.nextval, 'Topaz of ', '', 'Enhancement', );
