insert into augment_type(name) values('Lost Purpose');
insert into augment(name, augment_type, ml) values('Forbidden Knowledge', 'Lost Purpose', 18);
insert into named_set_augment(set_name, augment_name) values('Forbidden Knowledge', 'Forbidden Knowledge');
insert into augment(name, augment_type, ml) values('Heart of Blades', 'Lost Purpose', 18);
insert into named_set_augment(set_name, augment_name) values('Heart of Blades', 'Heart of Blades');
insert into augment(name, augment_type, ml) values('Vol''s Influence', 'Lost Purpose', 18);
insert into named_set_augment(set_name, augment_name) values('Vol''s Influence', 'Vol''s Influence');
insert into augment(name, augment_type, ml) values('The Fury''s Rage', 'Lost Purpose', 18);
insert into named_set_augment(set_name, augment_name) values('The Fury''s Rage', 'The Fury''s Rage');
insert into augment(name, augment_type, ml) values('Delight of the Devourer', 'Lost Purpose', 18);
insert into named_set_augment(set_name, augment_name) values('Delight of the Devourer', 'Delight of the Devourer');
insert into augment(name, augment_type, ml) values('Minion of the Mockery', 'Lost Purpose', 18);
insert into named_set_augment(set_name, augment_name) values('Minion of the Mockery', 'Minion of the Mockery');
insert into augment(name, augment_type, ml) values('The Keeper''s Coffin', 'Lost Purpose', 18);
insert into named_set_augment(set_name, augment_name) values('The Keeper''s Coffin', 'The Keeper''s Coffin');
insert into augment(name, augment_type, ml) values('The Shadow''s Emptiness', 'Lost Purpose', 18);
insert into named_set_augment(set_name, augment_name) values('The Shadow''s Emptiness', 'The Shadow''s Emptiness');
insert into augment(name, augment_type, ml) values('The Traveler''s Guidance', 'Lost Purpose', 18);
insert into named_set_augment(set_name, augment_name) values('The Traveler''s Guidance', 'The Traveler''s Guidance');
insert into augment(name, augment_type, ml) values('Armaments of the Archons', 'Lost Purpose', 18);
insert into named_set_augment(set_name, augment_name) values('Armaments of the Archons', 'Armaments of the Archons');
insert into augment(name, augment_type, ml) values('Devils'' Infernal Dance', 'Lost Purpose', 18);
insert into named_set_augment(set_name, augment_name) values('Devils'' Infernal Dance', 'Devils'' Infernal Dance');

insert into augment_type(name) values('Legendary Lost Purpose');
insert into augment(name, augment_type, ml) values('Legendary Forbidden Knowledge', 'Legendary Lost Purpose', 31);
insert into named_set_augment(set_name, augment_name) values('Legendary Forbidden Knowledge', 'Legendary Forbidden Knowledge');
insert into augment(name, augment_type, ml) values('Legendary Heart of Blades', 'Legendary Lost Purpose', 31);
insert into named_set_augment(set_name, augment_name) values('Legendary Heart of Blades', 'Legendary Heart of Blades');
insert into augment(name, augment_type, ml) values('Legendary Vol''s Influence', 'Legendary Lost Purpose', 31);
insert into named_set_augment(set_name, augment_name) values('Legendary Vol''s Influence', 'Legendary Vol''s Influence');
insert into augment(name, augment_type, ml) values('Legendary The Fury''s Rage', 'Legendary Lost Purpose', 31);
insert into named_set_augment(set_name, augment_name) values('Legendary The Fury''s Rage', 'Legendary The Fury''s Rage');
insert into augment(name, augment_type, ml) values('Legendary Delight of the Devourer', 'Legendary Lost Purpose', 31);
insert into named_set_augment(set_name, augment_name) values('Legendary Delight of the Devourer', 'Legendary Delight of the Devourer');
insert into augment(name, augment_type, ml) values('Legendary Minion of the Mockery', 'Legendary Lost Purpose', 31);
insert into named_set_augment(set_name, augment_name) values('Legendary Minion of the Mockery', 'Legendary Minion of the Mockery');
insert into augment(name, augment_type, ml) values('Legendary The Keeper''s Coffin', 'Legendary Lost Purpose', 31);
insert into named_set_augment(set_name, augment_name) values('Legendary The Keeper''s Coffin', 'Legendary The Keeper''s Coffin');
insert into augment(name, augment_type, ml) values('Legendary The Shadow''s Emptiness', 'Legendary Lost Purpose', 31);
insert into named_set_augment(set_name, augment_name) values('Legendary The Shadow''s Emptiness', 'Legendary The Shadow''s Emptiness');
insert into augment(name, augment_type, ml) values('Legendary The Traveler''s Guidance', 'Legendary Lost Purpose', 31);
insert into named_set_augment(set_name, augment_name) values('Legendary The Traveler''s Guidance', 'Legendary The Traveler''s Guidance');
insert into augment(name, augment_type, ml) values('Legendary Armaments of the Archons', 'Legendary Lost Purpose', 31);
insert into named_set_augment(set_name, augment_name) values('Legendary Armaments of the Archons', 'Legendary Armaments of the Archons');
insert into augment(name, augment_type, ml) values('Legendary Devils'' Infernal Dance', 'Legendary Lost Purpose', 31);
insert into named_set_augment(set_name, augment_name) values('Legendary Devils'' Infernal Dance', 'Legendary Devils'' Infernal Dance');