insert into augment_type(name) values('lgomf1');
insert into augment(name, augment_type, ml) values('Legendary Divine Blessing', 'lgomf1', 30);
insert into named_set_augment(set_name, augment_name) values('Legendary Divine Blessing', 'Legendary Divine Blessing');
insert into augment(name, augment_type, ml) values('Legendary Elder''s Knowledge', 'lgomf1', 30);
insert into named_set_augment(set_name, augment_name) values('Legendary Elder''s Knowledge', 'Legendary Elder''s Knowledge');
insert into augment(name, augment_type, ml) values('Legendary Marshwalker', 'lgomf1', 30);
insert into named_set_augment(set_name, augment_name) values('Legendary Marshwalker', 'Legendary Marshwalker');
insert into augment(name, augment_type, ml) values('Legendary Raven''s Eye', 'lgomf1', 30);
insert into named_set_augment(set_name, augment_name) values('Legendary Raven''s Eye', 'Legendary Raven''s Eye');
insert into augment(name, augment_type, ml) values('Legendary Shaman''s Fury', 'lgomf1', 30);
insert into named_set_augment(set_name, augment_name) values('Legendary Shaman''s Fury', 'Legendary Shaman''s Fury');
insert into augment(name, augment_type, ml) values('Legendary Siren''s Ward', 'lgomf1', 30);
insert into named_set_augment(set_name, augment_name) values('Legendary Siren''s Ward', 'Legendary Siren''s Ward');
insert into augment(name, augment_type, ml) values('Legendary Vulkoor''s Cunning', 'lgomf1', 30);
insert into named_set_augment(set_name, augment_name) values('Legendary Vulkoor''s Cunning', 'Legendary Vulkoor''s Cunning');
insert into augment(name, augment_type, ml) values('Legendary Vulkoor''s Might', 'lgomf1', 30);
insert into named_set_augment(set_name, augment_name) values('Legendary Vulkoor''s Might', 'Legendary Vulkoor''s Might');
insert into augment(name, augment_type, ml) values('Legendary Kundarak Delving Equipment', 'lgomf1', 30);
insert into named_set_augment(set_name, augment_name) values('Legendary Kundarak Delving Equipment', 'Legendary Kundarak Delving Equipment');
insert into augment(name, augment_type, ml) values('Legendary Mroranon''s Might', 'lgomf1', 30);
insert into named_set_augment(set_name, augment_name) values('Legendary Mroranon''s Might', 'Legendary Mroranon''s Might');
insert into augment(name, augment_type, ml) values('Legendary Silver Concord''s Subtlety', 'lgomf1', 30);
insert into named_set_augment(set_name, augment_name) values('Legendary Silver Concord''s Subtlety', 'Legendary Silver Concord''s Subtlety');
insert into augment(name, augment_type, ml) values('Legendary Wards of House Kundarak', 'lgomf1', 30);
insert into named_set_augment(set_name, augment_name) values('Legendary Wards of House Kundarak', 'Legendary Wards of House Kundarak');
insert into augment(name, augment_type, ml) values('Legendary Draconic Prophecy', 'lgomf1', 30);
insert into named_set_augment(set_name, augment_name) values('Legendary Draconic Prophecy', 'Legendary Draconic Prophecy');

insert into augment_type(name) values('lgomf2');
insert into augment(name, augment_type, ml) values('Legendary Might of the Abishai', 'lgomf2', 30);
insert into named_set_augment(set_name, augment_name) values('Legendary Might of the Abishai', 'Legendary Might of the Abishai');
insert into augment(name, augment_type, ml) values('Legendary The Desert''s Biting Sands', 'lgomf2', 30);
insert into named_set_augment(set_name, augment_name) values('Legendary The Desert''s Biting Sands', 'Legendary The Desert''s Biting Sands');
insert into augment(name, augment_type, ml) values('Legendary The Desert''s Burning Sun', 'lgomf2', 30);
insert into named_set_augment(set_name, augment_name) values('Legendary The Desert''s Burning Sun', 'Legendary The Desert''s Burning Sun');
insert into augment(name, augment_type, ml) values('Legendary The Desert''s Starless Nights', 'lgomf2', 30);
insert into named_set_augment(set_name, augment_name) values('Legendary The Desert''s Starless Nights', 'Legendary The Desert''s Starless Nights');
insert into augment(name, augment_type, ml) values('Legendary The Desert''s Writhing Storm', 'lgomf2', 30);
insert into named_set_augment(set_name, augment_name) values('Legendary The Desert''s Writhing Storm', 'Legendary The Desert''s Writhing Storm');
insert into augment(name, augment_type, ml) values('Legendary Menechtarun Scavenger', 'lgomf2', 30);
insert into named_set_augment(set_name, augment_name) values('Legendary Menechtarun Scavenger', 'Legendary Menechtarun Scavenger');
insert into augment(name, augment_type, ml) values('Legendary Oasis of Morality', 'lgomf2', 30);
insert into named_set_augment(set_name, augment_name) values('Legendary Oasis of Morality', 'Legendary Oasis of Morality');
insert into augment(name, augment_type, ml) values('Legendary Vulkoor''s Chosen', 'lgomf2', 30);
insert into named_set_augment(set_name, augment_name) values('Legendary Vulkoor''s Chosen', 'Legendary Vulkoor''s Chosen');
insert into augment(name, augment_type, ml) values('Legendary Windlasher''s Ferocity', 'lgomf2', 30);
insert into named_set_augment(set_name, augment_name) values('Legendary Windlasher''s Ferocity', 'Legendary Windlasher''s Ferocity');

INSERT INTO ITEM (NAME,SLOT,ML) VALUES ('Legendary Gem of Many Facets','TRINKET',30);
INSERT INTO ITEM_EFFECTS (ID,ITEM_NAME,EFFECT,EFFECT_TYPE,EFFECT_VALUE) VALUES (item_effects_sequence.nextval,'Legendary Gem of Many Facets','Craftable',NULL,NULL);
INSERT INTO PUBLIC.ITEM_AUGMENT (ITEM_NAME,AUGMENT_TYPE) VALUES ('Legendary Gem of Many Facets','Yellow');
INSERT INTO PUBLIC.ITEM_AUGMENT (ITEM_NAME,AUGMENT_TYPE) VALUES ('Legendary Gem of Many Facets','lgomf1');
INSERT INTO PUBLIC.ITEM_AUGMENT (ITEM_NAME,AUGMENT_TYPE) VALUES ('Legendary Gem of Many Facets','lgomf2');