INSERT INTO PUBLIC.GEAR_SETUP (ID,NAME,DESCRIPTION,LAST_SAVED) VALUES (100,'IoD Assassin','','2023-11-23 21:05:02.725');
INSERT INTO PUBLIC.GEAR_SETUP (ID,NAME,DESCRIPTION,LAST_SAVED) VALUES (101,'actual','','2023-11-23 21:13:32.97');
INSERT INTO PUBLIC.GEAR_SETUP (ID,NAME,DESCRIPTION,LAST_SAVED) VALUES (102,'IoD + Mind and Matter','','2023-11-25 03:06:10.705');

INSERT INTO PUBLIC.GEAR_SETUP_ITEM (ID_SETUP,SLOT,ITEM) VALUES (100,'HANDS','Legendary Birchlore Gauntlets');
INSERT INTO PUBLIC.GEAR_SETUP_ITEM (ID_SETUP,SLOT,ITEM) VALUES (100,'BODY','Dinosaur Bone Mail');
INSERT INTO PUBLIC.GEAR_SETUP_ITEM (ID_SETUP,SLOT,ITEM) VALUES (100,'FEET','Legendary Deepsnow Boots');
INSERT INTO PUBLIC.GEAR_SETUP_ITEM (ID_SETUP,SLOT,ITEM) VALUES (100,'OFF_HAND','Attuned Bone Kukri');
INSERT INTO PUBLIC.GEAR_SETUP_ITEM (ID_SETUP,SLOT,ITEM) VALUES (100,'BACK','Dinosaur Bone Cloak');
INSERT INTO PUBLIC.GEAR_SETUP_ITEM (ID_SETUP,SLOT,ITEM) VALUES (100,'WAIST','Legendary Direbear Belt');
INSERT INTO PUBLIC.GEAR_SETUP_ITEM (ID_SETUP,SLOT,ITEM) VALUES (100,'NECK','Legendary Pendant of the Sky');
INSERT INTO PUBLIC.GEAR_SETUP_ITEM (ID_SETUP,SLOT,ITEM) VALUES (100,'EYES','Legendary Eternal Flameguard''s Lenses');
INSERT INTO PUBLIC.GEAR_SETUP_ITEM (ID_SETUP,SLOT,ITEM) VALUES (100,'HEAD','Dinosaur Bone Helmet');
INSERT INTO PUBLIC.GEAR_SETUP_ITEM (ID_SETUP,SLOT,ITEM) VALUES (100,'FINGER_1','Dinosaur Bone Ring');
INSERT INTO PUBLIC.GEAR_SETUP_ITEM (ID_SETUP,SLOT,ITEM) VALUES (100,'FINGER_2','Legendary Lionheart Ring');
INSERT INTO PUBLIC.GEAR_SETUP_ITEM (ID_SETUP,SLOT,ITEM) VALUES (100,'TRINKET','Legendary Pearl of Telepathic Seeking');
INSERT INTO PUBLIC.GEAR_SETUP_ITEM (ID_SETUP,SLOT,ITEM) VALUES (100,'MAIN_HAND','Attuned Bone Kukri');
INSERT INTO PUBLIC.GEAR_SETUP_ITEM (ID_SETUP,SLOT,ITEM) VALUES (100,'WRIST','Legendary Vambrace of the Summer Court');
INSERT INTO PUBLIC.GEAR_SETUP_ITEM (ID_SETUP,SLOT,ITEM) VALUES (100,'QUIVER','Epic Quiver of Alacrity');
INSERT INTO PUBLIC.GEAR_SETUP_ITEM (ID_SETUP,SLOT,ITEM) VALUES (101,'BACK','Legendary University Duelist''s Cloak');
INSERT INTO PUBLIC.GEAR_SETUP_ITEM (ID_SETUP,SLOT,ITEM) VALUES (101,'NECK','Legendary Blademark Amulet');
INSERT INTO PUBLIC.GEAR_SETUP_ITEM (ID_SETUP,SLOT,ITEM) VALUES (101,'QUIVER','Epic Quiver of Alacrity');
INSERT INTO PUBLIC.GEAR_SETUP_ITEM (ID_SETUP,SLOT,ITEM) VALUES (101,'FINGER_1','Bound Elemental Ring of Acid');
INSERT INTO PUBLIC.GEAR_SETUP_ITEM (ID_SETUP,SLOT,ITEM) VALUES (101,'WAIST','Legendary Bladesworn Bandolier');
INSERT INTO PUBLIC.GEAR_SETUP_ITEM (ID_SETUP,SLOT,ITEM) VALUES (101,'HEAD','Legendary University Champion''s Helm');
INSERT INTO PUBLIC.GEAR_SETUP_ITEM (ID_SETUP,SLOT,ITEM) VALUES (101,'TRINKET','The Heart of Suulomades');
INSERT INTO PUBLIC.GEAR_SETUP_ITEM (ID_SETUP,SLOT,ITEM) VALUES (101,'WRIST','Devilscale Bracers');
INSERT INTO PUBLIC.GEAR_SETUP_ITEM (ID_SETUP,SLOT,ITEM) VALUES (101,'BODY','Legendary University Bulkwark''s Reinforced Shirt');
INSERT INTO PUBLIC.GEAR_SETUP_ITEM (ID_SETUP,SLOT,ITEM) VALUES (101,'FINGER_2',NULL);
INSERT INTO PUBLIC.GEAR_SETUP_ITEM (ID_SETUP,SLOT,ITEM) VALUES (101,'HANDS','Masterwork Gauntlet');
INSERT INTO PUBLIC.GEAR_SETUP_ITEM (ID_SETUP,SLOT,ITEM) VALUES (101,'FEET','Legendary Skymage''s Shoes');
INSERT INTO PUBLIC.GEAR_SETUP_ITEM (ID_SETUP,SLOT,ITEM) VALUES (101,'EYES','Legendary Study Spectacles');
INSERT INTO PUBLIC.GEAR_SETUP_ITEM (ID_SETUP,SLOT,ITEM) VALUES (101,'OFF_HAND','Attuned Bone Kukri');
INSERT INTO PUBLIC.GEAR_SETUP_ITEM (ID_SETUP,SLOT,ITEM) VALUES (101,'MAIN_HAND','Attuned Bone Kukri');
INSERT INTO PUBLIC.GEAR_SETUP_ITEM (ID_SETUP,SLOT,ITEM) VALUES (102,'BACK','Dinosaur Bone Cloak');
INSERT INTO PUBLIC.GEAR_SETUP_ITEM (ID_SETUP,SLOT,ITEM) VALUES (102,'HEAD','Dinosaur Bone Helmet');
INSERT INTO PUBLIC.GEAR_SETUP_ITEM (ID_SETUP,SLOT,ITEM) VALUES (102,'BODY','Dinosaur Bone Mail');
INSERT INTO PUBLIC.GEAR_SETUP_ITEM (ID_SETUP,SLOT,ITEM) VALUES (102,'FINGER_2','Legendary Tumbleweed');
INSERT INTO PUBLIC.GEAR_SETUP_ITEM (ID_SETUP,SLOT,ITEM) VALUES (102,'FINGER_1','Legendary Omniscience');
INSERT INTO PUBLIC.GEAR_SETUP_ITEM (ID_SETUP,SLOT,ITEM) VALUES (102,'TRINKET','Echo of Ravenkind');
INSERT INTO PUBLIC.GEAR_SETUP_ITEM (ID_SETUP,SLOT,ITEM) VALUES (102,'EYES','Legendary Eternal Flameguard''s Lenses');
INSERT INTO PUBLIC.GEAR_SETUP_ITEM (ID_SETUP,SLOT,ITEM) VALUES (102,'FEET','Legendary Deepsnow Boots');
INSERT INTO PUBLIC.GEAR_SETUP_ITEM (ID_SETUP,SLOT,ITEM) VALUES (102,'OFF_HAND','Attuned Bone Kukri');
INSERT INTO PUBLIC.GEAR_SETUP_ITEM (ID_SETUP,SLOT,ITEM) VALUES (102,'MAIN_HAND','Attuned Bone Kukri');
INSERT INTO PUBLIC.GEAR_SETUP_ITEM (ID_SETUP,SLOT,ITEM) VALUES (102,'HANDS','Legendary Birchlore Gauntlets');
INSERT INTO PUBLIC.GEAR_SETUP_ITEM (ID_SETUP,SLOT,ITEM) VALUES (102,'WAIST','Lindal''s Mighty Belt');
INSERT INTO PUBLIC.GEAR_SETUP_ITEM (ID_SETUP,SLOT,ITEM) VALUES (102,'WRIST','Legendary Vambrace of the Summer Court');
INSERT INTO PUBLIC.GEAR_SETUP_ITEM (ID_SETUP,SLOT,ITEM) VALUES (102,'NECK','Dinosaur Bone Necklace');
INSERT INTO PUBLIC.GEAR_SETUP_ITEM (ID_SETUP,SLOT,ITEM) VALUES (102,'QUIVER','Epic Quiver of Alacrity');


INSERT INTO PUBLIC.GEAR_SETUP_AUGMENT (ID_SETUP,ITEM,AUGMENT_TYPE,AUGMENT) VALUES (100,'Legendary Deepsnow Boots','Green',NULL);
INSERT INTO PUBLIC.GEAR_SETUP_AUGMENT (ID_SETUP,ITEM,AUGMENT_TYPE,AUGMENT) VALUES (100,'Dinosaur Bone Cloak','Green',NULL);
INSERT INTO PUBLIC.GEAR_SETUP_AUGMENT (ID_SETUP,ITEM,AUGMENT_TYPE,AUGMENT) VALUES (100,'Dinosaur Bone Cloak','Fang Accessory Slot',NULL);
INSERT INTO PUBLIC.GEAR_SETUP_AUGMENT (ID_SETUP,ITEM,AUGMENT_TYPE,AUGMENT) VALUES (100,'Dinosaur Bone Cloak','Yellow',NULL);
INSERT INTO PUBLIC.GEAR_SETUP_AUGMENT (ID_SETUP,ITEM,AUGMENT_TYPE,AUGMENT) VALUES (100,'Dinosaur Bone Cloak','Claw Accessory Slot','Claw MRR');
INSERT INTO PUBLIC.GEAR_SETUP_AUGMENT (ID_SETUP,ITEM,AUGMENT_TYPE,AUGMENT) VALUES (100,'Dinosaur Bone Cloak','Horn Accessory Slot',NULL);
INSERT INTO PUBLIC.GEAR_SETUP_AUGMENT (ID_SETUP,ITEM,AUGMENT_TYPE,AUGMENT) VALUES (100,'Dinosaur Bone Cloak','Scale Accessory Slot',NULL);
INSERT INTO PUBLIC.GEAR_SETUP_AUGMENT (ID_SETUP,ITEM,AUGMENT_TYPE,AUGMENT) VALUES (100,'Legendary Lionheart Ring','Green',NULL);
INSERT INTO PUBLIC.GEAR_SETUP_AUGMENT (ID_SETUP,ITEM,AUGMENT_TYPE,AUGMENT) VALUES (100,'Dinosaur Bone Helmet','Yellow',NULL);
INSERT INTO PUBLIC.GEAR_SETUP_AUGMENT (ID_SETUP,ITEM,AUGMENT_TYPE,AUGMENT) VALUES (100,'Dinosaur Bone Helmet','Green',NULL);
INSERT INTO PUBLIC.GEAR_SETUP_AUGMENT (ID_SETUP,ITEM,AUGMENT_TYPE,AUGMENT) VALUES (100,'Dinosaur Bone Helmet','Fang Accessory Slot','Fang Deception');
INSERT INTO PUBLIC.GEAR_SETUP_AUGMENT (ID_SETUP,ITEM,AUGMENT_TYPE,AUGMENT) VALUES (100,'Dinosaur Bone Helmet','Horn Accessory Slot',NULL);
INSERT INTO PUBLIC.GEAR_SETUP_AUGMENT (ID_SETUP,ITEM,AUGMENT_TYPE,AUGMENT) VALUES (100,'Dinosaur Bone Helmet','Claw Accessory Slot',NULL);
INSERT INTO PUBLIC.GEAR_SETUP_AUGMENT (ID_SETUP,ITEM,AUGMENT_TYPE,AUGMENT) VALUES (100,'Dinosaur Bone Helmet','Scale Accessory Slot','Scale Constitution');
INSERT INTO PUBLIC.GEAR_SETUP_AUGMENT (ID_SETUP,ITEM,AUGMENT_TYPE,AUGMENT) VALUES (100,'Legendary Vambrace of the Summer Court','Green',NULL);
INSERT INTO PUBLIC.GEAR_SETUP_AUGMENT (ID_SETUP,ITEM,AUGMENT_TYPE,AUGMENT) VALUES (100,'Legendary Eternal Flameguard''s Lenses','Yellow',NULL);
INSERT INTO PUBLIC.GEAR_SETUP_AUGMENT (ID_SETUP,ITEM,AUGMENT_TYPE,AUGMENT) VALUES (100,'Dinosaur Bone Mail','Scale Armor Slot',NULL);
INSERT INTO PUBLIC.GEAR_SETUP_AUGMENT (ID_SETUP,ITEM,AUGMENT_TYPE,AUGMENT) VALUES (100,'Dinosaur Bone Mail','Green',NULL);
INSERT INTO PUBLIC.GEAR_SETUP_AUGMENT (ID_SETUP,ITEM,AUGMENT_TYPE,AUGMENT) VALUES (100,'Dinosaur Bone Mail','Claw Accessory Slot','Claw PRR');
INSERT INTO PUBLIC.GEAR_SETUP_AUGMENT (ID_SETUP,ITEM,AUGMENT_TYPE,AUGMENT) VALUES (100,'Dinosaur Bone Mail','Horn Accessory Slot',NULL);
INSERT INTO PUBLIC.GEAR_SETUP_AUGMENT (ID_SETUP,ITEM,AUGMENT_TYPE,AUGMENT) VALUES (100,'Dinosaur Bone Mail','Fang Armor Slot',NULL);
INSERT INTO PUBLIC.GEAR_SETUP_AUGMENT (ID_SETUP,ITEM,AUGMENT_TYPE,AUGMENT) VALUES (100,'Dinosaur Bone Mail','Blue','Sapphire of False Life +4');
INSERT INTO PUBLIC.GEAR_SETUP_AUGMENT (ID_SETUP,ITEM,AUGMENT_TYPE,AUGMENT) VALUES (100,'Legendary Birchlore Gauntlets','Scale Accessory Slot',NULL);
INSERT INTO PUBLIC.GEAR_SETUP_AUGMENT (ID_SETUP,ITEM,AUGMENT_TYPE,AUGMENT) VALUES (100,'Legendary Birchlore Gauntlets','Colorless',NULL);
INSERT INTO PUBLIC.GEAR_SETUP_AUGMENT (ID_SETUP,ITEM,AUGMENT_TYPE,AUGMENT) VALUES (100,'Legendary Birchlore Gauntlets','Green',NULL);
INSERT INTO PUBLIC.GEAR_SETUP_AUGMENT (ID_SETUP,ITEM,AUGMENT_TYPE,AUGMENT) VALUES (100,'Legendary Pearl of Telepathic Seeking','Green',NULL);
INSERT INTO PUBLIC.GEAR_SETUP_AUGMENT (ID_SETUP,ITEM,AUGMENT_TYPE,AUGMENT) VALUES (100,'Legendary Pearl of Telepathic Seeking','Colorless',NULL);
INSERT INTO PUBLIC.GEAR_SETUP_AUGMENT (ID_SETUP,ITEM,AUGMENT_TYPE,AUGMENT) VALUES (100,'Attuned Bone Kukri','Scale Weapon Slot',NULL);
INSERT INTO PUBLIC.GEAR_SETUP_AUGMENT (ID_SETUP,ITEM,AUGMENT_TYPE,AUGMENT) VALUES (100,'Attuned Bone Kukri','Purple',NULL);
INSERT INTO PUBLIC.GEAR_SETUP_AUGMENT (ID_SETUP,ITEM,AUGMENT_TYPE,AUGMENT) VALUES (100,'Attuned Bone Kukri','Orange',NULL);
INSERT INTO PUBLIC.GEAR_SETUP_AUGMENT (ID_SETUP,ITEM,AUGMENT_TYPE,AUGMENT) VALUES (100,'Attuned Bone Kukri','Claw Weapon Slot',NULL);
INSERT INTO PUBLIC.GEAR_SETUP_AUGMENT (ID_SETUP,ITEM,AUGMENT_TYPE,AUGMENT) VALUES (100,'Attuned Bone Kukri','Horn Weapon Slot',NULL);
INSERT INTO PUBLIC.GEAR_SETUP_AUGMENT (ID_SETUP,ITEM,AUGMENT_TYPE,AUGMENT) VALUES (100,'Attuned Bone Kukri','Fang Weapon Slot',NULL);
INSERT INTO PUBLIC.GEAR_SETUP_AUGMENT (ID_SETUP,ITEM,AUGMENT_TYPE,AUGMENT) VALUES (100,'Legendary Direbear Belt','Green',NULL);
INSERT INTO PUBLIC.GEAR_SETUP_AUGMENT (ID_SETUP,ITEM,AUGMENT_TYPE,AUGMENT) VALUES (100,'Legendary Pendant of the Sky','Fang Accessory Slot',NULL);
INSERT INTO PUBLIC.GEAR_SETUP_AUGMENT (ID_SETUP,ITEM,AUGMENT_TYPE,AUGMENT) VALUES (100,'Legendary Pendant of the Sky','Green',NULL);
INSERT INTO PUBLIC.GEAR_SETUP_AUGMENT (ID_SETUP,ITEM,AUGMENT_TYPE,AUGMENT) VALUES (100,'Legendary Pendant of the Sky','Colorless',NULL);
INSERT INTO PUBLIC.GEAR_SETUP_AUGMENT (ID_SETUP,ITEM,AUGMENT_TYPE,AUGMENT) VALUES (100,'Dinosaur Bone Ring','Blue',NULL);
INSERT INTO PUBLIC.GEAR_SETUP_AUGMENT (ID_SETUP,ITEM,AUGMENT_TYPE,AUGMENT) VALUES (100,'Dinosaur Bone Ring','Fang Accessory Slot','Fang Seeker');
INSERT INTO PUBLIC.GEAR_SETUP_AUGMENT (ID_SETUP,ITEM,AUGMENT_TYPE,AUGMENT) VALUES (100,'Dinosaur Bone Ring','Yellow',NULL);
INSERT INTO PUBLIC.GEAR_SETUP_AUGMENT (ID_SETUP,ITEM,AUGMENT_TYPE,AUGMENT) VALUES (100,'Dinosaur Bone Ring','Scale Accessory Slot','Scale Dexterity');
INSERT INTO PUBLIC.GEAR_SETUP_AUGMENT (ID_SETUP,ITEM,AUGMENT_TYPE,AUGMENT) VALUES (100,'Dinosaur Bone Ring','Horn Accessory Slot','Horn Armor Piercing');
INSERT INTO PUBLIC.GEAR_SETUP_AUGMENT (ID_SETUP,ITEM,AUGMENT_TYPE,AUGMENT) VALUES (100,'Dinosaur Bone Ring','Green','Diamond of Charisma +1');
INSERT INTO PUBLIC.GEAR_SETUP_AUGMENT (ID_SETUP,ITEM,AUGMENT_TYPE,AUGMENT) VALUES (100,'Dinosaur Bone Ring','Claw Accessory Slot','Claw Assassinate');

INSERT INTO PUBLIC.GEAR_SETUP_AUGMENT (ID_SETUP,ITEM,AUGMENT_TYPE,AUGMENT) VALUES (101,'Legendary University Duelist''s Cloak','Green','Topaz of Melee Power +12');
INSERT INTO PUBLIC.GEAR_SETUP_AUGMENT (ID_SETUP,ITEM,AUGMENT_TYPE,AUGMENT) VALUES (101,'Legendary University Duelist''s Cloak','Colorless',NULL);
INSERT INTO PUBLIC.GEAR_SETUP_AUGMENT (ID_SETUP,ITEM,AUGMENT_TYPE,AUGMENT) VALUES (101,'Legendary Blademark Amulet','Green','Sapphire of Sheltering 36');
INSERT INTO PUBLIC.GEAR_SETUP_AUGMENT (ID_SETUP,ITEM,AUGMENT_TYPE,AUGMENT) VALUES (101,'Legendary Blademark Amulet','Colorless',NULL);
INSERT INTO PUBLIC.GEAR_SETUP_AUGMENT (ID_SETUP,ITEM,AUGMENT_TYPE,AUGMENT) VALUES (101,'Bound Elemental Ring of Acid','Green','Diamond of Dexterity +14');
INSERT INTO PUBLIC.GEAR_SETUP_AUGMENT (ID_SETUP,ITEM,AUGMENT_TYPE,AUGMENT) VALUES (101,'Bound Elemental Ring of Acid','Yellow',NULL);
INSERT INTO PUBLIC.GEAR_SETUP_AUGMENT (ID_SETUP,ITEM,AUGMENT_TYPE,AUGMENT) VALUES (101,'Legendary Bladesworn Bandolier','Green','Sapphire of Healing Amplification +57');
INSERT INTO PUBLIC.GEAR_SETUP_AUGMENT (ID_SETUP,ITEM,AUGMENT_TYPE,AUGMENT) VALUES (101,'Legendary Bladesworn Bandolier','Colorless','Diamond of Insightful Constitution +5');
INSERT INTO PUBLIC.GEAR_SETUP_AUGMENT (ID_SETUP,ITEM,AUGMENT_TYPE,AUGMENT) VALUES (101,'Legendary University Champion''s Helm','Colorless',NULL);
INSERT INTO PUBLIC.GEAR_SETUP_AUGMENT (ID_SETUP,ITEM,AUGMENT_TYPE,AUGMENT) VALUES (101,'Legendary University Champion''s Helm','Green','Topaz of Swiftness 15');
INSERT INTO PUBLIC.GEAR_SETUP_AUGMENT (ID_SETUP,ITEM,AUGMENT_TYPE,AUGMENT) VALUES (101,'The Heart of Suulomades','Blue','Sapphire of Protection +11');
INSERT INTO PUBLIC.GEAR_SETUP_AUGMENT (ID_SETUP,ITEM,AUGMENT_TYPE,AUGMENT) VALUES (101,'The Heart of Suulomades','Yellow',NULL);
INSERT INTO PUBLIC.GEAR_SETUP_AUGMENT (ID_SETUP,ITEM,AUGMENT_TYPE,AUGMENT) VALUES (101,'The Heart of Suulomades','Green',NULL);
INSERT INTO PUBLIC.GEAR_SETUP_AUGMENT (ID_SETUP,ITEM,AUGMENT_TYPE,AUGMENT) VALUES (101,'Devilscale Bracers','Blue',NULL);
INSERT INTO PUBLIC.GEAR_SETUP_AUGMENT (ID_SETUP,ITEM,AUGMENT_TYPE,AUGMENT) VALUES (101,'Devilscale Bracers','Yellow',NULL);
INSERT INTO PUBLIC.GEAR_SETUP_AUGMENT (ID_SETUP,ITEM,AUGMENT_TYPE,AUGMENT) VALUES (101,'Legendary University Bulkwark''s Reinforced Shirt','Colorless',NULL);
INSERT INTO PUBLIC.GEAR_SETUP_AUGMENT (ID_SETUP,ITEM,AUGMENT_TYPE,AUGMENT) VALUES (101,'Legendary University Bulkwark''s Reinforced Shirt','Green',NULL);
INSERT INTO PUBLIC.GEAR_SETUP_AUGMENT (ID_SETUP,ITEM,AUGMENT_TYPE,AUGMENT) VALUES (101,'Masterwork Gauntlet','Yellow',NULL);
INSERT INTO PUBLIC.GEAR_SETUP_AUGMENT (ID_SETUP,ITEM,AUGMENT_TYPE,AUGMENT) VALUES (101,'Masterwork Gauntlet','Green',NULL);
INSERT INTO PUBLIC.GEAR_SETUP_AUGMENT (ID_SETUP,ITEM,AUGMENT_TYPE,AUGMENT) VALUES (101,'Legendary Skymage''s Shoes','Colorless',NULL);
INSERT INTO PUBLIC.GEAR_SETUP_AUGMENT (ID_SETUP,ITEM,AUGMENT_TYPE,AUGMENT) VALUES (101,'Legendary Skymage''s Shoes','Green','Sapphire of Dodge +14');
INSERT INTO PUBLIC.GEAR_SETUP_AUGMENT (ID_SETUP,ITEM,AUGMENT_TYPE,AUGMENT) VALUES (101,'Legendary Study Spectacles','Colorless',NULL);
INSERT INTO PUBLIC.GEAR_SETUP_AUGMENT (ID_SETUP,ITEM,AUGMENT_TYPE,AUGMENT) VALUES (101,'Legendary Study Spectacles','Green','Legendary Swordcrossed Topaz');
INSERT INTO PUBLIC.GEAR_SETUP_AUGMENT (ID_SETUP,ITEM,AUGMENT_TYPE,AUGMENT) VALUES (101,'Attuned Bone Kukri','Scale Weapon Slot',NULL);
INSERT INTO PUBLIC.GEAR_SETUP_AUGMENT (ID_SETUP,ITEM,AUGMENT_TYPE,AUGMENT) VALUES (101,'Attuned Bone Kukri','Purple',NULL);
INSERT INTO PUBLIC.GEAR_SETUP_AUGMENT (ID_SETUP,ITEM,AUGMENT_TYPE,AUGMENT) VALUES (101,'Attuned Bone Kukri','Orange',NULL);
INSERT INTO PUBLIC.GEAR_SETUP_AUGMENT (ID_SETUP,ITEM,AUGMENT_TYPE,AUGMENT) VALUES (101,'Attuned Bone Kukri','Claw Weapon Slot',NULL);
INSERT INTO PUBLIC.GEAR_SETUP_AUGMENT (ID_SETUP,ITEM,AUGMENT_TYPE,AUGMENT) VALUES (101,'Attuned Bone Kukri','Horn Weapon Slot',NULL);
INSERT INTO PUBLIC.GEAR_SETUP_AUGMENT (ID_SETUP,ITEM,AUGMENT_TYPE,AUGMENT) VALUES (101,'Attuned Bone Kukri','Fang Weapon Slot',NULL);

INSERT INTO PUBLIC.GEAR_SETUP_AUGMENT (ID_SETUP,ITEM,AUGMENT_TYPE,AUGMENT) VALUES (102,'Echo of Ravenkind','Yellow',NULL);
INSERT INTO PUBLIC.GEAR_SETUP_AUGMENT (ID_SETUP,ITEM,AUGMENT_TYPE,AUGMENT) VALUES (102,'Echo of Ravenkind','Green',NULL);
INSERT INTO PUBLIC.GEAR_SETUP_AUGMENT (ID_SETUP,ITEM,AUGMENT_TYPE,AUGMENT) VALUES (102,'Attuned Bone Kukri','Scale Weapon Slot',NULL);
INSERT INTO PUBLIC.GEAR_SETUP_AUGMENT (ID_SETUP,ITEM,AUGMENT_TYPE,AUGMENT) VALUES (102,'Attuned Bone Kukri','Purple',NULL);
INSERT INTO PUBLIC.GEAR_SETUP_AUGMENT (ID_SETUP,ITEM,AUGMENT_TYPE,AUGMENT) VALUES (102,'Attuned Bone Kukri','Orange',NULL);
INSERT INTO PUBLIC.GEAR_SETUP_AUGMENT (ID_SETUP,ITEM,AUGMENT_TYPE,AUGMENT) VALUES (102,'Attuned Bone Kukri','Claw Weapon Slot',NULL);
INSERT INTO PUBLIC.GEAR_SETUP_AUGMENT (ID_SETUP,ITEM,AUGMENT_TYPE,AUGMENT) VALUES (102,'Attuned Bone Kukri','Horn Weapon Slot',NULL);
INSERT INTO PUBLIC.GEAR_SETUP_AUGMENT (ID_SETUP,ITEM,AUGMENT_TYPE,AUGMENT) VALUES (102,'Attuned Bone Kukri','Fang Weapon Slot',NULL);
INSERT INTO PUBLIC.GEAR_SETUP_AUGMENT (ID_SETUP,ITEM,AUGMENT_TYPE,AUGMENT) VALUES (102,'Legendary Vambrace of the Summer Court','Green',NULL);
INSERT INTO PUBLIC.GEAR_SETUP_AUGMENT (ID_SETUP,ITEM,AUGMENT_TYPE,AUGMENT) VALUES (102,'Dinosaur Bone Helmet','Yellow',NULL);
INSERT INTO PUBLIC.GEAR_SETUP_AUGMENT (ID_SETUP,ITEM,AUGMENT_TYPE,AUGMENT) VALUES (102,'Dinosaur Bone Helmet','Green',NULL);
INSERT INTO PUBLIC.GEAR_SETUP_AUGMENT (ID_SETUP,ITEM,AUGMENT_TYPE,AUGMENT) VALUES (102,'Dinosaur Bone Helmet','Fang Accessory Slot','Fang Deception');
INSERT INTO PUBLIC.GEAR_SETUP_AUGMENT (ID_SETUP,ITEM,AUGMENT_TYPE,AUGMENT) VALUES (102,'Dinosaur Bone Helmet','Horn Accessory Slot','Horn Enhanced Ghostly');
INSERT INTO PUBLIC.GEAR_SETUP_AUGMENT (ID_SETUP,ITEM,AUGMENT_TYPE,AUGMENT) VALUES (102,'Dinosaur Bone Helmet','Claw Accessory Slot',NULL);
INSERT INTO PUBLIC.GEAR_SETUP_AUGMENT (ID_SETUP,ITEM,AUGMENT_TYPE,AUGMENT) VALUES (102,'Dinosaur Bone Helmet','Scale Accessory Slot','Scale Constitution');
INSERT INTO PUBLIC.GEAR_SETUP_AUGMENT (ID_SETUP,ITEM,AUGMENT_TYPE,AUGMENT) VALUES (102,'Legendary Omniscience','Yellow',NULL);
INSERT INTO PUBLIC.GEAR_SETUP_AUGMENT (ID_SETUP,ITEM,AUGMENT_TYPE,AUGMENT) VALUES (102,'Legendary Omniscience','Green',NULL);
INSERT INTO PUBLIC.GEAR_SETUP_AUGMENT (ID_SETUP,ITEM,AUGMENT_TYPE,AUGMENT) VALUES (102,'Legendary Birchlore Gauntlets','Scale Accessory Slot','Scale Positive Spell Crit Damage');
INSERT INTO PUBLIC.GEAR_SETUP_AUGMENT (ID_SETUP,ITEM,AUGMENT_TYPE,AUGMENT) VALUES (102,'Legendary Birchlore Gauntlets','Colorless',NULL);
INSERT INTO PUBLIC.GEAR_SETUP_AUGMENT (ID_SETUP,ITEM,AUGMENT_TYPE,AUGMENT) VALUES (102,'Legendary Birchlore Gauntlets','Green',NULL);
INSERT INTO PUBLIC.GEAR_SETUP_AUGMENT (ID_SETUP,ITEM,AUGMENT_TYPE,AUGMENT) VALUES (102,'Legendary Eternal Flameguard''s Lenses','Yellow',NULL);
INSERT INTO PUBLIC.GEAR_SETUP_AUGMENT (ID_SETUP,ITEM,AUGMENT_TYPE,AUGMENT) VALUES (102,'Dinosaur Bone Necklace','Green',NULL);
INSERT INTO PUBLIC.GEAR_SETUP_AUGMENT (ID_SETUP,ITEM,AUGMENT_TYPE,AUGMENT) VALUES (102,'Dinosaur Bone Necklace','Fang Accessory Slot','Fang Seeker');
INSERT INTO PUBLIC.GEAR_SETUP_AUGMENT (ID_SETUP,ITEM,AUGMENT_TYPE,AUGMENT) VALUES (102,'Dinosaur Bone Necklace','Yellow','Diamond of Charisma +1');
INSERT INTO PUBLIC.GEAR_SETUP_AUGMENT (ID_SETUP,ITEM,AUGMENT_TYPE,AUGMENT) VALUES (102,'Dinosaur Bone Necklace','Blue',NULL);
INSERT INTO PUBLIC.GEAR_SETUP_AUGMENT (ID_SETUP,ITEM,AUGMENT_TYPE,AUGMENT) VALUES (102,'Dinosaur Bone Necklace','Claw Accessory Slot','Claw Assassinate');
INSERT INTO PUBLIC.GEAR_SETUP_AUGMENT (ID_SETUP,ITEM,AUGMENT_TYPE,AUGMENT) VALUES (102,'Dinosaur Bone Necklace','Horn Accessory Slot','Horn Armor Piercing');
INSERT INTO PUBLIC.GEAR_SETUP_AUGMENT (ID_SETUP,ITEM,AUGMENT_TYPE,AUGMENT) VALUES (102,'Dinosaur Bone Necklace','Scale Accessory Slot','Scale Dexterity');
INSERT INTO PUBLIC.GEAR_SETUP_AUGMENT (ID_SETUP,ITEM,AUGMENT_TYPE,AUGMENT) VALUES (102,'Legendary Tumbleweed','Green',NULL);
INSERT INTO PUBLIC.GEAR_SETUP_AUGMENT (ID_SETUP,ITEM,AUGMENT_TYPE,AUGMENT) VALUES (102,'Legendary Tumbleweed','Yellow',NULL);
INSERT INTO PUBLIC.GEAR_SETUP_AUGMENT (ID_SETUP,ITEM,AUGMENT_TYPE,AUGMENT) VALUES (102,'Dinosaur Bone Mail','Scale Armor Slot','Fragment of Extraplanar Shadow');
INSERT INTO PUBLIC.GEAR_SETUP_AUGMENT (ID_SETUP,ITEM,AUGMENT_TYPE,AUGMENT) VALUES (102,'Dinosaur Bone Mail','Green',NULL);
INSERT INTO PUBLIC.GEAR_SETUP_AUGMENT (ID_SETUP,ITEM,AUGMENT_TYPE,AUGMENT) VALUES (102,'Dinosaur Bone Mail','Claw Accessory Slot','Claw PRR');
INSERT INTO PUBLIC.GEAR_SETUP_AUGMENT (ID_SETUP,ITEM,AUGMENT_TYPE,AUGMENT) VALUES (102,'Dinosaur Bone Mail','Horn Accessory Slot','Fossilized Amber');
INSERT INTO PUBLIC.GEAR_SETUP_AUGMENT (ID_SETUP,ITEM,AUGMENT_TYPE,AUGMENT) VALUES (102,'Dinosaur Bone Mail','Fang Armor Slot','Goldfang');
INSERT INTO PUBLIC.GEAR_SETUP_AUGMENT (ID_SETUP,ITEM,AUGMENT_TYPE,AUGMENT) VALUES (102,'Dinosaur Bone Mail','Blue',NULL);
INSERT INTO PUBLIC.GEAR_SETUP_AUGMENT (ID_SETUP,ITEM,AUGMENT_TYPE,AUGMENT) VALUES (102,'Dinosaur Bone Cloak','Green',NULL);
INSERT INTO PUBLIC.GEAR_SETUP_AUGMENT (ID_SETUP,ITEM,AUGMENT_TYPE,AUGMENT) VALUES (102,'Dinosaur Bone Cloak','Fang Accessory Slot','Fang Healing Amplification');
INSERT INTO PUBLIC.GEAR_SETUP_AUGMENT (ID_SETUP,ITEM,AUGMENT_TYPE,AUGMENT) VALUES (102,'Dinosaur Bone Cloak','Yellow',NULL);
INSERT INTO PUBLIC.GEAR_SETUP_AUGMENT (ID_SETUP,ITEM,AUGMENT_TYPE,AUGMENT) VALUES (102,'Dinosaur Bone Cloak','Claw Accessory Slot','Claw Trip');
INSERT INTO PUBLIC.GEAR_SETUP_AUGMENT (ID_SETUP,ITEM,AUGMENT_TYPE,AUGMENT) VALUES (102,'Dinosaur Bone Cloak','Horn Accessory Slot','Horn Relentless Fury');
INSERT INTO PUBLIC.GEAR_SETUP_AUGMENT (ID_SETUP,ITEM,AUGMENT_TYPE,AUGMENT) VALUES (102,'Dinosaur Bone Cloak','Scale Accessory Slot','Scale Intelligence');
INSERT INTO PUBLIC.GEAR_SETUP_AUGMENT (ID_SETUP,ITEM,AUGMENT_TYPE,AUGMENT) VALUES (102,'Lindal''s Mighty Belt','Blue',NULL);
INSERT INTO PUBLIC.GEAR_SETUP_AUGMENT (ID_SETUP,ITEM,AUGMENT_TYPE,AUGMENT) VALUES (102,'Lindal''s Mighty Belt','Green',NULL);
INSERT INTO PUBLIC.GEAR_SETUP_AUGMENT (ID_SETUP,ITEM,AUGMENT_TYPE,AUGMENT) VALUES (102,'Legendary Deepsnow Boots','Green',NULL);
