-- https://ddowiki.com/page/Slave_Lords_Crafting
insert into augment_type(name) values('Legendary Slaver''s Prefix Slot');
insert into augment_type_alias(alias, augment_type) values('Legendary Slaver''s Prefix Slot', 'Legendary Slaver''s Prefix Slot');
insert into augment(name, augment_type, ml) values('Strength +13', 'Legendary Slaver''s Prefix Slot', 28);
insert into augment_effect(id, augment_name, effect, effect_type, effect_value) values(augment_effect_sequence.nextval, 'Strength +13', 'Strength', 'Enhancement', 13);
insert into augment(name, augment_type, ml) values('Dexterity +13', 'Legendary Slaver''s Prefix Slot', 28);
insert into augment_effect(id, augment_name, effect, effect_type, effect_value) values(augment_effect_sequence.nextval, 'Dexterity +13', 'Dexterity', 'Enhancement', 13);
insert into augment(name, augment_type, ml) values('Constitution +13', 'Legendary Slaver''s Prefix Slot', 28);
insert into augment_effect(id, augment_name, effect, effect_type, effect_value) values(augment_effect_sequence.nextval, 'Constitution +13', 'Constitution', 'Enhancement', 13);
insert into augment(name, augment_type, ml) values('Intelligence +13', 'Legendary Slaver''s Prefix Slot', 28);
insert into augment_effect(id, augment_name, effect, effect_type, effect_value) values(augment_effect_sequence.nextval, 'Intelligence +13', 'Intelligence', 'Enhancement', 13);
insert into augment(name, augment_type, ml) values('Wisdom +13', 'Legendary Slaver''s Prefix Slot', 28);
insert into augment_effect(id, augment_name, effect, effect_type, effect_value) values(augment_effect_sequence.nextval, 'Wisdom +13', 'Wisdom', 'Enhancement', 13);
insert into augment(name, augment_type, ml) values('Charisma +13', 'Legendary Slaver''s Prefix Slot', 28);
insert into augment_effect(id, augment_name, effect, effect_type, effect_value) values(augment_effect_sequence.nextval, 'Charisma +13', 'Charisma', 'Enhancement', 13);
insert into augment(name, augment_type, ml) values('False Life +50', 'Legendary Slaver''s Prefix Slot', 28);
insert into augment_effect(id, augment_name, effect, effect_type, effect_value) values(augment_effect_sequence.nextval, 'False Life +50', 'Hit Points', 'Enhancement', 50);
insert into augment(name, augment_type, ml) values('Fortification 142', 'Legendary Slaver''s Prefix Slot', 28);
insert into augment_effect(id, augment_name, effect, effect_type, effect_value) values(augment_effect_sequence.nextval, 'Fortification 142', 'Fortification', 'Enhancement', 142);
insert into augment(name, augment_type, ml) values('Sheltering 33', 'Legendary Slaver''s Prefix Slot', 28);
insert into augment_effect(id, augment_name, effect, effect_type, effect_value) values(augment_effect_sequence.nextval, 'Sheltering 33', 'Physical Sheltering', 'Enhancement', 33);
insert into augment_effect(id, augment_name, effect, effect_type, effect_value) values(augment_effect_sequence.nextval, 'Sheltering 33', 'Magical Sheltering', 'Enhancement', 33);
insert into augment(name, augment_type, ml) values('Wizardry +269', 'Legendary Slaver''s Prefix Slot', 28);
insert into augment_effect(id, augment_name, effect, effect_type, effect_value) values(augment_effect_sequence.nextval, 'Wizardry +269', 'Wizardry', 'Enhancement', 269);
insert into augment_type(name) values('Legendary Slaver''s Suffix Slot');
insert into augment_type_alias(alias, augment_type) values('Legendary Slaver''s Suffix Slot', 'Legendary Slaver''s Suffix Slot');
insert into augment(name, augment_type, ml) values('Accuracy +20', 'Legendary Slaver''s Suffix Slot', 28);
insert into augment_effect(id, augment_name, effect, effect_type, effect_value) values(augment_effect_sequence.nextval, 'Accuracy +20', 'Accuracy', 'Competence', 20);
insert into augment(name, augment_type, ml) values('Armor Piercing +20', 'Legendary Slaver''s Suffix Slot', 28);
insert into augment_effect(id, augment_name, effect, effect_type, effect_value) values(augment_effect_sequence.nextval, 'Armor Piercing +20', 'Armor Piercing', 'Enhancement', 20);
insert into augment(name, augment_type, ml) values('Deadly +10', 'Legendary Slaver''s Suffix Slot', 28);
insert into augment_effect(id, augment_name, effect, effect_type, effect_value) values(augment_effect_sequence.nextval, 'Deadly +10', 'Deadly', 'Competence', 10);
insert into augment(name, augment_type, ml) values('Deception +10', 'Legendary Slaver''s Suffix Slot', 28);
insert into augment_effect(id, augment_name, effect, effect_type, effect_value) values(augment_effect_sequence.nextval, 'Deception +10', 'Deception', 'Enhancement', 10);
insert into augment(name, augment_type, ml) values('Resistance +10', 'Legendary Slaver''s Suffix Slot', 28);
insert into augment_effect(id, augment_name, effect, effect_type, effect_value) values(augment_effect_sequence.nextval, 'Resistance +10', 'Resistance', 'Enhancement', 10);
insert into augment(name, augment_type, ml) values('Seeker +13', 'Legendary Slaver''s Suffix Slot', 28);
insert into augment_effect(id, augment_name, effect, effect_type, effect_value) values(augment_effect_sequence.nextval, 'Seeker +13', 'Seeker', 'Enhancement', 13);
-- TODO Spell Lore 21
-- TODO Spell Power 142
insert into augment_type(name) values('Legendary Slaver''s Extra Slot');
insert into augment_type_alias(alias, augment_type) values('Legendary Slaver''s Extra Slot', 'Legendary Slaver''s Extra Slot');
insert into augment(name, augment_type, ml) values('Shatter +15', 'Legendary Slaver''s Extra Slot', 28);
insert into augment_effect(id, augment_name, effect, effect_type, effect_value) values(augment_effect_sequence.nextval, 'Shatter +15', 'Shatter', 'Enhancement', 15);
insert into augment(name, augment_type, ml) values('Stunning +15', 'Legendary Slaver''s Extra Slot', 28);
insert into augment_effect(id, augment_name, effect, effect_type, effect_value) values(augment_effect_sequence.nextval, 'Stunning +15', 'Stunning', 'Enhancement', 15);
insert into augment(name, augment_type, ml) values('Vertigo +15', 'Legendary Slaver''s Extra Slot', 28);
insert into augment_effect(id, augment_name, effect, effect_type, effect_value) values(augment_effect_sequence.nextval, 'Vertigo +15', 'Vertigo', 'Enhancement', 15);
insert into augment(name, augment_type, ml) values('Spell Focus Mastery +4', 'Legendary Slaver''s Extra Slot', 28);
insert into augment_effect(id, augment_name, effect, effect_type, effect_value) values(augment_effect_sequence.nextval, 'Spell Focus Mastery +4', 'Spell Focus Mastery', 'Equipment', 4);
insert into augment(name, augment_type, ml) values('Spell Penetration +8', 'Legendary Slaver''s Extra Slot', 28);
insert into augment_effect(id, augment_name, effect, effect_type, effect_value) values(augment_effect_sequence.nextval, 'Spell Penetration +8', 'Spell Penetration', 'Equipment', 8);
insert into augment(name, augment_type, ml) values('Tendon Slice +10', 'Legendary Slaver''s Extra Slot', 28);
insert into augment_effect(id, augment_name, effect, effect_type, effect_value) values(augment_effect_sequence.nextval, 'Tendon Slice +10', 'Tendon Slice', 'Enhancement', 10);
-- TODO Skill 20
-- TODO UMD 5
insert into augment_type(name) values('Legendary Slaver''s Bonus Slot');
insert into augment_type_alias(alias, augment_type) values('Legendary Slaver''s Bonus Slot', 'Legendary Slaver''s Bonus Slot');
insert into augment(name, augment_type, ml) values('Quality Strength +3', 'Legendary Slaver''s Bonus Slot', 28);
insert into augment_effect(id, augment_name, effect, effect_type, effect_value) values(augment_effect_sequence.nextval, 'Quality Strength +3', 'Strength', 'Quality', 3);
insert into augment(name, augment_type, ml) values('Quality Dexterity +3', 'Legendary Slaver''s Bonus Slot', 28);
insert into augment_effect(id, augment_name, effect, effect_type, effect_value) values(augment_effect_sequence.nextval, 'Quality Dexterity +3', 'Dexterity', 'Quality', 3);
insert into augment(name, augment_type, ml) values('Quality Constitution +3', 'Legendary Slaver''s Bonus Slot', 28);
insert into augment_effect(id, augment_name, effect, effect_type, effect_value) values(augment_effect_sequence.nextval, 'Quality Constitution +3', 'Constitution', 'Quality', 3);
insert into augment(name, augment_type, ml) values('Quality Intelligence +3', 'Legendary Slaver''s Bonus Slot', 28);
insert into augment_effect(id, augment_name, effect, effect_type, effect_value) values(augment_effect_sequence.nextval, 'Quality Intelligence +3', 'Intelligence', 'Quality', 3);
insert into augment(name, augment_type, ml) values('Quality Wisdom +3', 'Legendary Slaver''s Bonus Slot', 28);
insert into augment_effect(id, augment_name, effect, effect_type, effect_value) values(augment_effect_sequence.nextval, 'Quality Wisdom +3', 'Wisdom', 'Quality', 3);
insert into augment(name, augment_type, ml) values('Quality Charisma +3', 'Legendary Slaver''s Bonus Slot', 28);
insert into augment_effect(id, augment_name, effect, effect_type, effect_value) values(augment_effect_sequence.nextval, 'Quality Charisma +3', 'Charisma', 'Quality', 3);
insert into augment(name, augment_type, ml) values('Quality False Life +12', 'Legendary Slaver''s Bonus Slot', 28);
insert into augment_effect(id, augment_name, effect, effect_type, effect_value) values(augment_effect_sequence.nextval, 'Quality False Life +12', 'Hit Points', 'Quality', 12);
insert into augment(name, augment_type, ml) values('Quality Fortification +35', 'Legendary Slaver''s Bonus Slot', 28);
insert into augment_effect(id, augment_name, effect, effect_type, effect_value) values(augment_effect_sequence.nextval, 'Quality Fortification +35', 'Fortification', 'Quality', 35);
insert into augment(name, augment_type, ml) values('Quality MRR +8', 'Legendary Slaver''s Bonus Slot', 28);
insert into augment_effect(id, augment_name, effect, effect_type, effect_value) values(augment_effect_sequence.nextval, 'Quality MRR +8', 'Magical Sheltering', 'Quality', 8);
insert into augment(name, augment_type, ml) values('Quality PRR +8', 'Legendary Slaver''s Bonus Slot', 28);
insert into augment_effect(id, augment_name, effect, effect_type, effect_value) values(augment_effect_sequence.nextval, 'Quality PRR +8', 'Physical Sheltering', 'Quality', 8);
-- TODO Skill +5 quality